{
  "pv_capacity_kw": 80000.0,
  "wind_turbine_count": 14,
  "storage_energy_capacity_kwh": 180000.0,
  "storage_power_charge_kw": 30000.0,
  "storage_power_discharge_kw": 30000.0,
  "load_energy_mwh": 250283.79240399998,
  "renewable_served_mwh": 209842.23801530962,
  "renewable_penetration": 0.8384172063230889,
  "generator_energy_mwh": 40441.5543886904,
  "fuel_litres": 10919219.684946408,
  "fuel_cost": 10919219.684946408,
  "generator_variable_om_cost": 808831.0877738079,
  "curtailed_energy_mwh": 75650.87545152423,
  "unserved_energy_mwh": 0.0,
  "currency": "AUD",
  "npc_total": 561507792.7037781,
  "initial_capex": 310829090.90909094,
  "pv_capex": 52509090.90909091,
  "wind_capex": 117320000.00000001,
  "storage_capex": 96000000.0,
  "generator_capex": 45000000.0,
  "present_value_annual_costs": 238320725.04821348,
  "storage_replacement_present_cost": 12357976.746473651,
  "annual_cost": 22325594.54529643,
  "lcoe_per_mwh": 89.73937741800084,
  "pv_panel_count": 181818.18181818182,
  "pv_land_area_m2": 363636.36363636365,
  "pv_capex_per_kw": 656.3636363636364,
  "wind_capex_per_kw": 2428.985507246377,
  "annual_curtailment_cost": 3782543.7725762115,
  "curtailment_cost_per_mwh": 50.0,
  "fuel_cost_per_litre": 1.0
}