{
  "currency": "AUD",
  "npc_total": 391218755.39822906,
  "initial_capex": 253123636.36363637,
  "pv_capex": 78763636.36363636,
  "wind_capex": 100560000.0,
  "storage_capex": 0.0,
  "generator_capex": 45000000.0,
  "phes_capex": 28800000.0,
  "present_value_annual_costs": 138095119.0345927,
  "storage_replacement_present_cost": 0.0,
  "annual_cost": 12936582.144196842,
  "lcoe_per_mwh": 56.2716229654486,
  "renewable_penetration": 0.935037750555021,
  "pv_panel_count": 272727.2727272727,
  "pv_land_area_m2": 545454.5454545454,
  "pv_capex_per_kw": 656.3636363636364,
  "wind_capex_per_kw": 2428.985507246377,
  "curtailed_energy_mwh": 36871.43260298258,
  "annual_curtailment_cost": 1843571.630149129,
  "curtailment_cost_per_mwh": 50.0,
  "annual_phes_om": 384000.0,
  "phes_capex_per_kwh": 30.0,
  "phes_fixed_om_per_kwh_year": 0.4
}