{
  "pv_capacity_kw": 120000,
  "wind_turbine_count": 12,
  "storage_energy_kwh": 0,
  "storage_power_kw": 0,
  "phes_energy_kwh": 960000.0,
  "phes_power_kw": 120000.0,
  "generator_capacity_kw": 50000.0,
  "storage_energy_capacity_kwh": 0,
  "storage_power_charge_kw": 0,
  "storage_power_discharge_kw": 0,
  "load_energy_mwh": 278093.102549,
  "renewable_served_mwh": 260027.54905228375,
  "renewable_penetration": 0.935037750555021,
  "generator_energy_mwh": 18065.553496716246,
  "fuel_litres": 4877699.444113387,
  "fuel_cost": 4877699.444113387,
  "generator_variable_om_cost": 361311.06993432494,
  "curtailed_energy_mwh": 36871.43260298258,
  "unserved_energy_mwh": 0.0,
  "phes_energy_capacity_kwh": 960000.0,
  "phes_power_charge_kw": 120000.0,
  "phes_power_discharge_kw": 120000.0,
  "currency": "AUD",
  "npc_total": 391218755.39822906,
  "initial_capex": 253123636.36363637,
  "pv_capex": 78763636.36363636,
  "wind_capex": 100560000.0,
  "storage_capex": 0.0,
  "generator_capex": 45000000.0,
  "phes_capex": 28800000.0,
  "present_value_annual_costs": 138095119.0345927,
  "storage_replacement_present_cost": 0.0,
  "annual_cost": 12936582.144196842,
  "lcoe_per_mwh": 56.2716229654486,
  "pv_panel_count": 272727.2727272727,
  "pv_land_area_m2": 545454.5454545454,
  "pv_capex_per_kw": 656.3636363636364,
  "wind_capex_per_kw": 2428.985507246377,
  "annual_curtailment_cost": 1843571.630149129,
  "curtailment_cost_per_mwh": 50.0,
  "annual_phes_om": 384000.0,
  "phes_capex_per_kwh": 30.0,
  "phes_fixed_om_per_kwh_year": 0.4,
  "feasible": true
}