{
  "currency": "AUD",
  "npc_total": 618204373.7251768,
  "initial_capex": 440603636.3636364,
  "pv_capex": 78763636.36363636,
  "wind_capex": 150840000.0,
  "storage_capex": 112000000.0,
  "generator_capex": 63000000.0,
  "phes_capex": 36000000.0,
  "present_value_annual_costs": 163183097.8239879,
  "storage_replacement_present_cost": 14417639.537552593,
  "annual_cost": 15286793.36606906,
  "lcoe_per_mwh": 88.92049001700777,
  "renewable_penetration": 0.9897315056794013,
  "pv_panel_count": 272727.2727272727,
  "pv_land_area_m2": 545454.5454545454,
  "pv_capex_per_kw": 656.3636363636364,
  "wind_capex_per_kw": 2428.985507246377,
  "curtailed_energy_mwh": 101473.40214547348,
  "annual_curtailment_cost": 5073670.107273674,
  "curtailment_cost_per_mwh": 50.0,
  "annual_phes_om": 480000.0,
  "phes_capex_per_kwh": 30.0,
  "phes_fixed_om_per_kwh_year": 0.4
}