{
  "currency": "AUD",
  "npc_total": 652692204.5446099,
  "initial_capex": 490829090.90909094,
  "pv_capex": 52509090.90909091,
  "wind_capex": 117320000.00000001,
  "storage_capex": 96000000.0,
  "generator_capex": 45000000.0,
  "phes_capex": 180000000.0,
  "present_value_annual_costs": 149505136.88904536,
  "storage_replacement_present_cost": 12357976.746473651,
  "annual_cost": 14005458.685763124,
  "lcoe_per_mwh": 93.88110651606047,
  "renewable_penetration": 0.9482376841955654,
  "pv_panel_count": 181818.18181818182,
  "pv_land_area_m2": 363636.36363636365,
  "pv_capex_per_kw": 656.3636363636364,
  "wind_capex_per_kw": 2428.985507246377,
  "curtailed_energy_mwh": 12319.664331639473,
  "annual_curtailment_cost": 615983.2165819736,
  "curtailment_cost_per_mwh": 50.0,
  "annual_phes_om": 2400000.0,
  "phes_capex_per_kwh": 30.0,
  "phes_fixed_om_per_kwh_year": 0.4
}