{
  "pv_capacity_kw": 120000,
  "wind_turbine_count": 12,
  "storage_energy_capacity_kwh": 0,
  "storage_power_charge_kw": 0,
  "storage_power_discharge_kw": 0,
  "load_energy_mwh": 278093.102549,
  "renewable_served_mwh": 260027.54905228375,
  "renewable_penetration": 0.935037750555021,
  "generator_energy_mwh": 18065.553496716002,
  "fuel_litres": 4877699.444113387,
  "fuel_cost": 4877699.444113387,
  "generator_variable_om_cost": 361311.06993432494,
  "curtailed_energy_mwh": 36871.43260298258,
  "unserved_energy_mwh": 0.0,
  "phes_energy_capacity_kwh": 960000.0,
  "phes_power_charge_kw": 120000.0,
  "phes_power_discharge_kw": 120000.0,
  "pv_energy_mwh": 157647.64176,
  "wind_energy_mwh": 156528.92842188,
  "pv_panel_count": 272727,
  "generator_capacity_kw": 50000.0,
  "battery_energy_kwh": 0,
  "battery_power_kw": 0,
  "phes_energy_kwh": 960000.0,
  "phes_power_kw": 120000.0
}